{"cameraMode":{"drawMode":0,"name":"Shaded","section":"Shading Mode"},"sceneLighting":false,"audioPlay":false,"sceneViewState":{"m_AlwaysRefresh":false,"showFog":true,"showSkybox":false,"showFlares":true,"showImageEffects":true,"showParticleSystems":true,"showVisualEffectGraphs":true,"m_FxEnabled":true},"in2DMode":false,"pivot":{"x":0.09224820137023926,"y":1.3245244026184083,"z":-0.8585700988769531},"rotation":{"x":0.08293915539979935,"y":-0.48932525515556338,"z":0.046847570687532428,"w":0.8669076561927795},"size":1.6756054162979127,"orthographic":false}